id,conversationId,role,content,createdAt
1,2,user,How much protein do I need?,2026-05-23T05:37:19.294Z
2,1,user,How to reduce sugar cravings?,2026-05-25T06:57:43.521Z
3,1,assistant,"That's a fantastic goal for better health! Reducing sugar cravings is totally achievable with a few smart strategies.

Here are some practical tips to help you curb those cravings:

1.  **Balance Your Meals:** Ensure your main meals include a good source of protein (chicken, fish, beans, lentils), healthy fats (avocado, nuts, seeds), and fiber (whole grains, vegetables). This helps stabilize blood sugar and keeps you feeling fuller for longer, preventing the dips that trigger cravings.
2.  **Stay Hydrated:** Sometimes thirst can be mistaken for hunger or a craving. Drink a glass of water when a craving hits; you might be surprised!
3.  **Choose Whole Foods:** Focus on unprocessed foods. When you reduce your intake of refined sugars and processed foods, your taste buds adapt, and you'll find naturally sweet foods more satisfying.
4.  **Prioritize Sleep & Manage Stress:** Lack of sleep and high stress levels can increase hormones that drive sugar cravings. Aim for 7-9 hours of quality sleep and practice stress-reducing activities like meditation or walking.
5.  **Mindful Snacking:** If you need a snack, choose options like fruit with nut butter, a handful of almonds, or Greek yogurt. If a craving is strong, try a small piece of dark chocolate (70% cocoa or higher) – the bitterness can often satisfy without overdoing it.
6.  **Move Your Body:** A quick walk or some light exercise can often distract you from a craving and even release endorphins that boost your mood.

It takes a little time for your body to adjust, but stick with it – you'll feel the benefits!

***

*Always consult a healthcare professional or a registered dietitian for personalized medical nutrition advice.*",2026-05-25T06:57:47.368Z
4,1,user,sujjest me in simple way,2026-05-25T06:58:01.120Z
5,1,assistant,"Absolutely! Let's make it super simple. To reduce sugar cravings, try these easy steps:

1.  **Eat Real Meals:** Make sure your main meals have protein (like chicken, fish, beans) and veggies. This keeps you full longer.
2.  **Drink Water First:** When you feel a craving, drink a glass of water. Sometimes you're just thirsty!
3.  **Choose Smart Snacks:** If you need a snack, pick fruit, nuts, or plain yogurt instead of sugary treats.
4.  **Get Enough Sleep:** Being tired makes you crave sugar more. Try to get good sleep.
5.  **Take a Walk:** A quick walk can distract you from a craving and boost your mood.

Just focus on these simple changes, and you'll notice a difference!

***

*Always consult a healthcare professional or a registered dietitian for personalized medical nutrition advice.*",2026-05-25T06:58:05.187Z
6,3,user,provide me a sujjestions related to health,2026-05-25T07:00:17.691Z
7,3,assistant,Hey there! I'd be happy,2026-05-25T07:00:20.633Z
8,4,user,How much protein do I need?,2026-05-25T07:26:10.555Z
9,4,assistant,"That's a great question, and the amount of protein you need can vary quite a bit! It depends on several factors like your activity level, age, health goals, and overall body weight.

Here's a general guideline:

1.  **Sedentary Adults:** The recommended daily allowance (RDA) is **0.8 grams of protein per kilogram (or 0.36 grams per pound) of body weight**. For example, a 70kg (154lb) person would need about 56g of protein per day.
2.  **Active Individuals/Athletes:** If you're regularly active, especially with strength training, your needs are higher to support muscle repair and growth. Aim for **1.2 to 2.0 grams of protein per kilogram (or 0.5 to 0.9 grams per pound) of body weight**.
3.  **Weight Loss:** Higher protein intake can also be beneficial for satiety and preserving muscle mass during weight loss, often leaning towards the higher end of the active range.

To estimate, divide your weight in pounds by 2.2 to get kilograms, then multiply by the appropriate range. For example, if you weigh 150 lbs (approx. 68 kg) and are moderately active, you might aim for 80-120g of protein daily.

Remember to distribute your protein intake throughout the day across your meals and snacks for optimal absorption and benefits!

***

*Always consult with a healthcare professional or registered dietitian for personalized medical nutrition advice.*",2026-05-25T07:26:14.910Z
10,5,user,How much protein do I need?,2026-05-31T10:22:41.511Z
11,5,assistant,"That's a great question! The amount of protein you need can vary quite a bit based on several factors like your age, weight, activity level, and health goals.

Here's a general guideline:

*   **Sedentary adults:** Around **0.8 grams of protein per kilogram of body weight** (or 0.36 grams per pound) is the Recommended Dietary Allowance (RDA) to prevent deficiency.
*   **Active individuals, athletes, or those looking to build muscle:** You might benefit from **1.2 to 2.2 grams of protein per kilogram of body weight** (or 0.5 to 1 gram per pound).
*   **For weight loss (to preserve muscle mass):** Aiming for the higher end of the active range can be beneficial.

To give you a more personalized estimate, could you tell me a little about your:

1.  **Body weight (in lbs or kg)?**
2.  **Activity level (e.g., sedentary, moderately active, very active, strength training)?**
3.  **Any specific goals (e.g., muscle gain, weight loss, general health)?**

Remember to always consult with a healthcare professional or registered dietitian for personalized medical nutrition advice.",2026-05-31T10:22:45.507Z
12,6,user,Give me a healthy snack idea,2026-05-31T11:36:36.715Z
13,6,assistant,"Hey there! A fantastic healthy snack idea is **Greek yogurt with a handful of mixed berries**.

It's packed with protein to keep you full and berries provide essential vitamins and antioxidants. Enjoy!

*Always remember to consult with a healthcare professional or registered dietitian for personalized medical nutrition advice.*",2026-05-31T11:36:38.475Z
14,5,user,hii,2026-05-31T11:36:54.645Z
15,5,assistant,Hi there! 👋 How can I help you today with your diet and nutrition goals? I'm here to provide personalized advice and support!,2026-05-31T11:36:56.429Z
16,5,user,give me panner recipe,2026-05-31T11:37:06.195Z
17,5,assistant,"Great choice! Paneer is a fantastic source of protein. Here's a quick, healthy, and super delicious recipe for **Paneer Bhurji (Scrambled Indian Cheese)** that's perfect for a quick meal:

---

### **Quick & Healthy Paneer Bhurji**

This dish is packed with protein, easy to make, and great for breakfast, lunch, or a light dinner.

**Ingredients:**

*   **Paneer:** 200g (about 7 oz), crumbled or grated
*   **Onion:** 1 medium, finely chopped
*   **Tomato:** 1 medium, finely chopped
*   **Green Chili:** 1 (or more, to taste), slit or finely chopped (optional)
*   **Ginger-Garlic Paste:** 1 teaspoon (or finely minced ginger and garlic)
*   **Oil:** 1 tablespoon (e.g., olive, canola, or avocado oil)
*   **Spices:**
    *   1/2 teaspoon Cumin seeds
    *   1/4 teaspoon Turmeric powder
    *   1/2 teaspoon Red chili powder (adjust to taste)
    *   1/2 teaspoon Coriander powder
    *   1/2 teaspoon Garam Masala
    *   Salt to taste
*   **Fresh Coriander (Cilantro):** 2 tablespoons, chopped (for garnish)

**Instructions:**

1.  **Heat Oil:** In a non-stick pan or skillet, heat 1 tablespoon of oil over medium heat.
2.  **Add Cumin:** Once hot, add cumin seeds and let them splutter for a few seconds.
3.  **Sauté Aromatics:** Add the chopped onion and green chili (if using). Sauté until the onions turn translucent (about 3-5 minutes).
4.  **Ginger-Garlic:** Add ginger-garlic paste and cook for another minute until the raw smell disappears.
5.  **Add Tomatoes & Spices:** Stir in the chopped tomatoes. Cook for 2-3 minutes until they soften slightly. Add turmeric powder, red chili powder, coriander powder, and salt. Mix well and cook for 1-2 minutes until the spices are fragrant. Add a splash of water if the mixture seems too dry.
6.  **Add Paneer:** Gently add the crumbled or grated paneer to the pan. Mix everything well, ensuring the paneer is coated with the masala.
7.  **Finish:** Stir in the garam masala and cook for just 2-3 minutes, don't overcook as paneer can become chewy.
8.  **Garnish & Serve:** Garnish with fresh chopped coriander.

**Nutritional Snapshot (approximate per serving, makes 2 servings):**
This recipe is high in protein and moderate in fats. Depending on oil usage and exact paneer fat content, one serving (1/2 of recipe) could provide roughly:
*   **Calories:** 250-300 kcal
*   **Protein:** 15-20g
*   **Carbohydrates:** 8-12g
*   **Fats:** 18-22g

**Serving Suggestion:**
Enjoy your Paneer Bhurji with whole wheat roti, a side of plain yogurt, or some steamed veggies for a complete and balanced meal!

---

Enjoy your cooking! Remember, for personalized dietary advice, it's always best to consult with a healthcare professional or registered dietitian.",2026-05-31T11:37:12.470Z
18,7,user,Give me a healthy snack idea,2026-06-14T06:26:37.922Z
19,7,assistant,"Great choice for a healthy boost! How about a serving of **Greek yogurt with a handful of mixed berries and a sprinkle of chia seeds**?

It's packed with protein for satiety, fiber from the berries, and healthy omega-3s from the chia seeds. Delicious and satisfying!

*Always remember to consult with a healthcare professional or registered dietitian for personalized medical nutrition advice.*",2026-06-14T06:26:40.134Z
20,7,user,What should I eat for breakfast?,2026-06-14T06:26:43.941Z
21,7,assistant,"For a fantastic start to your day, try a bowl of **oatmeal made with rolled oats, topped with a scoop of protein powder (or a dollop of Greek yogurt), a handful of berries, and a sprinkle of chopped walnuts.**

This combo gives you sustained energy from complex carbs, muscle-building protein, fiber, and healthy fats. You'll feel full and energized!

*Always remember to consult with a healthcare professional or registered dietitian for personalized medical nutrition advice.*",2026-06-14T06:26:46.395Z
22,7,user,hello,2026-06-14T06:26:52.204Z
23,7,assistant,"Hello there! 👋 How can I help you on your health and nutrition journey today? Whether it's a meal idea, a healthy swap, or some weight management tips, I'm here to assist!",2026-06-14T06:26:54.023Z
